{
  "pages": [ //pages数组中第一项表示应用启动页，参考：https://uniapp.dcloud.io/collocation/pages
    {
      "path": "pages/index/index",
      "style": {
        "navigationBarTitleText": "uni-component"
      }
    },
    {
      "path": "pages/animation-view/animation-view",
      "style": {
        "navigationBarTitleText": "animation-view",
        "enablePullDownRefresh": false
      }
    },
    {
      "path": "pages/video-view/video-view",
      "style": {
        "navigationBarTitleText": "video-view",
        "enablePullDownRefresh": false
      }
    }
  ],
  "globalStyle": {
    "navigationBarTextStyle": "black",
    "navigationBarTitleText": "uni-app",
    "navigationBarBackgroundColor": "#F8F8F8",
    "backgroundColor": "#F8F8F8"
  },
  "uniIdRouter": {}
}
